"date","2019-01-14","2019-02-12","2019-03-11","2019-04-11","2019-05-14","2019-06-11","2019-07-12","2019-08-12","2019-09-11","2019-10-11","2019-11-12","2019-12-11","2020-01-07","2020-02-06","2020-03-06","2020-04-06","2020-05-13","2020-06-05","2020-07-06","2020-08-05","2019-12-09","2020-08-07","2020-09-09","2020-10-09","2020-11-09","2020-12-09","2021-01-08","2021-02-09","2021-03-09","2021-04-09","2021-05-07","2021-06-09","2021-07-09","2021-08-09","2021-09-09","2021-10-09","2021-11-09","2021-12-09","2022-01-07","2022-02-09","2022-03-09","2022-04-11","2022-05-09","2022-06-09","2022-07-08","2022-08-09","2022-09-09","2022-10-10","2022-11-10","2022-12-08","2023-01-09","2023-02-09","2023-03-09","2023-04-11","2023-05-09","2023-06-09","2023-07-07","2023-08-09","2023-09-08","2023-10-09","2023-11-09","2023-12-08","2024-01-09","2024-02-08","2024-03-08","2024-04-09","2024-05-08","2024-06-07","2024-07-09","2024-08-08","2024-09-09","2024-10-09","2024-11-08","2024-12-09","2025-01-09","2025-02-07","2025-03-10","2025-04-09","2025-05-08","2025-06-10","2025-07-09","2025-08-08","2025-09-09","2025-10-09","2025-11-07"
"2015-01",98.8,98.8,98.8,98.8,98.8,98.8,98.8,98.8,98.8,98.6,98.6,98.6,98.6,98.4,98.4,98.4,98.4,98.4,98.4,98.4,98.5,98.4,98.4,98.4,98.5,98.5,98.5,98.5,98.4,98.4,98.4,98.4,98.4,98.4,98.4,98.4,98.4,98.4,98.4,98.4,98.4,98.4,98.4,98.4,98.4,98.4,98.4,98.4,98.4,98.4,98.4,98.4,98.4,98.4,98.4,98.4,98.4,98.4,98.4,98.4,98.4,98.4,98.4,98.4,84.7,84.7,84.7,84.7,84.7,84.7,84.7,84.7,84.7,84.7,84.7,84.7,84.7,84.7,84.7,84.7,84.7,84.7,84.7,84.7,84.7
"2015-02",98.4,98.4,98.4,98.4,98.4,98.4,98.4,98.4,98.4,98.3,98.3,98.3,98.3,98.3,98.3,98.3,98.3,98.3,98.3,98.3,98.2,98.3,98.3,98.3,98.2,98.2,98.2,98.2,98.3,98.3,98.3,98.3,98.3,98.3,98.3,98.3,98.3,98.3,98.3,98.3,98.2,98.2,98.2,98.2,98.2,98.2,98.2,98.2,98.2,98.2,98.2,98.2,98.2,98.2,98.2,98.2,98.2,98.2,98.2,98.1,98.1,98.1,98.1,98.1,84.4,84.4,84.4,84.4,84.4,84.4,84.4,84.4,84.4,84.4,84.4,84.4,84.4,84.4,84.4,84.4,84.4,84.4,84.4,84.4,84.4
"2015-03",98.8,98.8,98.8,98.8,98.8,98.8,98.8,98.8,98.8,98.6,98.6,98.6,98.6,98.6,98.6,98.6,98.6,98.6,98.6,98.6,98.6,98.6,98.6,98.6,98.6,98.6,98.6,98.6,98.7,98.7,98.7,98.7,98.7,98.7,98.7,98.7,98.7,98.7,98.7,98.7,98.5,98.5,98.5,98.5,98.5,98.5,98.5,98.5,98.5,98.5,98.5,98.5,98.5,98.5,98.5,98.5,98.5,98.5,98.5,98.6,98.6,98.6,98.6,98.6,84.6,84.6,84.6,84.6,84.6,84.6,84.6,84.6,84.6,84.6,84.6,84.6,84.6,84.6,84.6,84.6,84.6,84.6,84.6,84.6,84.6
"2015-04",98.4,98.4,98.4,98.4,98.4,98.4,98.4,98.4,98.4,98.4,98.4,98.4,98.4,98.4,98.4,98.4,98.4,98.4,98.4,98.4,98.4,98.4,98.4,98.4,98.4,98.4,98.4,98.4,98.4,98.4,98.4,98.4,98.4,98.4,98.4,98.4,98.4,98.4,98.4,98.4,98.3,98.3,98.3,98.3,98.3,98.3,98.3,98.3,98.3,98.3,98.3,98.3,98.3,98.3,98.3,98.3,98.3,98.3,98.3,98.3,98.3,98.3,98.3,98.3,84.5,84.5,84.5,84.5,84.5,84.5,84.5,84.5,84.5,84.5,84.5,84.5,84.5,84.5,84.5,84.5,84.5,84.5,84.5,84.5,84.5
"2015-05",99.7,99.7,99.7,99.7,99.7,99.7,99.7,99.7,99.7,100,100,100,100,100,100,100,100,100,100,100,100.1,100,100,100,100.1,100.1,100.1,100.1,100,100,100,100,100,100,100,100,100,100,100,100,100.1,100.1,100.1,100.2,100.2,100.2,100.2,100.2,100.2,100.2,100.2,100.2,100.2,100.2,100.2,100.2,100.2,100.2,100.2,100.2,100.2,100.2,100.2,100.2,86.1,86.1,86.1,86.1,86.1,86.1,86.1,86.1,86.1,86.1,86.1,86.1,86.1,86.1,86.1,86.1,86.1,86.1,86.1,86.1,86.1
"2015-06",99.5,99.5,99.5,99.5,99.5,99.5,99.5,99.5,99.5,99.5,99.5,99.5,99.5,99.5,99.5,99.5,99.5,99.5,99.5,99.5,99.4,99.5,99.5,99.5,99.4,99.4,99.4,99.4,99.5,99.5,99.5,99.5,99.5,99.5,99.5,99.5,99.5,99.5,99.5,99.5,99.4,99.4,99.4,99.5,99.5,99.5,99.4,99.4,99.4,99.4,99.4,99.4,99.4,99.4,99.4,99.4,99.4,99.4,99.4,99.5,99.5,99.5,99.5,99.5,85.5,85.5,85.5,85.5,85.5,85.5,85.5,85.5,85.5,85.5,85.5,85.5,85.5,85.5,85.5,85.5,85.5,85.5,85.5,85.5,85.5
"2015-07",100.3,100.3,100.3,100.3,100.3,100.3,100.3,100.3,100.3,100.3,100.3,100.3,100.3,100.3,100.3,100.3,100.3,100.3,100.3,100.3,100.3,100.3,100.3,100.3,100.3,100.3,100.3,100.3,100.4,100.4,100.4,100.4,100.4,100.4,100.4,100.4,100.4,100.4,100.4,100.4,100.4,100.4,100.4,100.4,100.4,100.4,100.4,100.4,100.4,100.4,100.4,100.4,100.4,100.4,100.4,100.4,100.4,100.4,100.4,100.4,100.4,100.4,100.4,100.4,86.2,86.2,86.2,86.2,86.2,86.2,86.2,86.2,86.2,86.2,86.2,86.2,86.2,86.2,86.2,86.2,86.2,86.2,86.2,86.2,86.2
"2015-08",99.9,99.9,99.9,99.9,99.9,99.9,99.9,99.9,99.9,100,100,100,100,100,100,100,100,100,100,100,100,100,100,100,100,100,100,100,100,100,100,100,100,100,100,100,100,100,100,100,100.1,100.1,100.1,100.1,100.1,100.1,100.1,100.1,100.1,100.1,100.1,100.1,100.1,100.1,100.1,100.1,100.1,100.1,100.1,100.1,100.1,100.1,100.1,100.1,86,86,86,86,86,86,86,86,86,86,86,86,86,86,86,86,86,86,86,86,86
"2015-09",100.3,100.3,100.3,100.3,100.3,100.3,100.3,100.3,100.3,100.5,100.5,100.4,100.5,100.5,100.5,100.5,100.5,100.5,100.5,100.5,100.5,100.5,100.5,100.5,100.5,100.5,100.5,100.5,100.5,100.5,100.5,100.5,100.5,100.5,100.5,100.5,100.5,100.5,100.5,100.5,100.6,100.6,100.6,100.6,100.6,100.6,100.6,100.6,100.6,100.6,100.6,100.6,100.6,100.6,100.6,100.6,100.6,100.6,100.6,100.6,100.6,100.6,100.6,100.6,86.5,86.5,86.5,86.5,86.5,86.5,86.5,86.5,86.5,86.5,86.5,86.5,86.5,86.5,86.5,86.5,86.5,86.5,86.5,86.5,86.5
"2015-10",99.9,99.9,99.9,99.9,99.9,99.9,99.9,99.9,99.9,99.9,99.9,99.9,100,100,100,100,100,100,100,100,100,100,100,100,100,100,100,100,100.1,100.1,100.1,100.1,100.1,100.1,100.1,100.1,100.1,100.1,100.1,100.1,100.1,100.1,100.1,100.1,100.1,100.1,100.1,100.1,100.1,100.1,100.1,100.1,100.1,100.1,100.1,100.1,100.1,100.1,100.1,100.1,100.1,100.1,100.1,100.1,86,86,86,86,86,86,86,86,86,86,86,86,86,86,86,86,86,86,86,86,86
"2015-11",100.3,100.3,100.3,100.3,100.3,100.3,100.3,100.3,100.3,100.3,100.3,100.3,100.2,100.3,100.3,100.3,100.3,100.3,100.3,100.3,100.3,100.3,100.3,100.3,100.3,100.3,100.3,100.3,100.3,100.3,100.3,100.3,100.3,100.3,100.3,100.3,100.3,100.3,100.3,100.3,100.4,100.4,100.4,100.3,100.3,100.3,100.3,100.3,100.3,100.3,100.3,100.3,100.3,100.3,100.3,100.3,100.3,100.3,100.3,100.3,100.3,100.3,100.3,100.3,86.2,86.2,86.2,86.2,86.2,86.2,86.2,86.2,86.2,86.2,86.2,86.2,86.2,86.2,86.2,86.2,86.2,86.2,86.2,86.2,86.2
"2015-12",102.4,102.4,102.4,102.4,102.4,102.4,102.4,102.4,102.4,102.3,102.3,102.3,102.4,102.4,102.4,102.4,102.4,102.4,102.4,102.4,102.4,102.4,102.4,102.4,102.4,102.4,102.4,102.4,102.3,102.3,102.3,102.3,102.3,102.3,102.3,102.3,102.3,102.3,102.3,102.3,102.2,102.2,102.2,102.2,102.2,102.2,102.2,102.2,102.2,102.2,102.2,102.2,102.2,102.2,102.2,102.2,102.2,102.2,102.2,102.3,102.3,102.3,102.3,102.3,87.8,87.8,87.8,87.8,87.8,87.8,87.8,87.8,87.8,87.8,87.8,87.8,87.8,87.8,87.8,87.8,87.8,87.8,87.8,87.8,87.8
"2016-01",103.3,103.3,103.3,103.3,103.3,103.3,103.3,103.3,103.3,103.1,103.1,103,103.1,102.8,102.8,102.8,102.8,102.8,102.8,102.8,102.8,102.8,102.8,102.8,102.8,102.8,102.8,102.8,102.8,102.8,102.8,102.8,102.8,102.8,102.8,102.8,102.8,102.8,102.8,102.8,102.8,102.8,102.8,102.8,102.8,102.8,102.8,102.8,102.8,102.8,102.8,102.8,102.8,102.8,102.8,102.8,102.8,102.8,102.8,102.8,102.8,102.8,102.8,102.8,88.5,88.5,88.5,88.5,88.5,88.5,88.5,88.5,88.5,88.5,88.5,88.5,88.5,88.5,88.5,88.5,88.5,88.5,88.5,88.5,88.5
"2016-02",104,104,104,104,104,104,104,104,104,103.9,103.9,103.9,103.9,103.9,103.9,103.9,103.9,103.9,103.9,103.9,103.8,103.9,103.9,103.9,103.8,103.8,103.8,103.8,103.8,103.8,103.8,103.8,103.8,103.8,103.8,103.8,103.8,103.8,103.8,103.8,103.7,103.7,103.7,103.7,103.7,103.7,103.6,103.7,103.7,103.7,103.7,103.7,103.7,103.7,103.7,103.7,103.7,103.7,103.7,103.6,103.6,103.6,103.6,103.6,89,89,89,89,89,89,89,89,89,89,89,89,89,89,89,89,89,89,89,89,89
"2016-03",103.6,103.6,103.6,103.6,103.6,103.6,103.6,103.6,103.6,103.4,103.4,103.4,103.4,103.4,103.4,103.4,103.4,103.4,103.4,103.4,103.3,103.4,103.4,103.4,103.3,103.3,103.3,103.3,103.4,103.4,103.4,103.4,103.4,103.4,103.4,103.4,103.4,103.4,103.4,103.4,103.2,103.2,103.2,103.2,103.2,103.2,103.2,103.2,103.2,103.2,103.2,103.2,103.2,103.2,103.2,103.2,103.2,103.2,103.2,103.2,103.2,103.2,103.2,103.2,88.7,88.7,88.7,88.7,88.7,88.7,88.7,88.7,88.7,88.7,88.7,88.7,88.7,88.7,88.7,88.7,88.7,88.7,88.7,88.7,88.7
"2016-04",104.1,104.1,104.1,104.1,104.1,104.1,104.1,104.1,104.1,104.1,104.1,104.1,104.1,104.1,104.1,104.1,104.1,104.1,104.1,104.1,104,104.1,104.1,104.1,104,104,104,104,104.1,104.1,104.1,104.1,104.1,104.1,104.1,104.1,104.1,104.1,104.1,104.1,104,104,104,104,104,104,104,104,104,104,104,104,104,104,104,104,104,104,104,104,104,104,104,104,89.4,89.4,89.4,89.4,89.4,89.4,89.4,89.4,89.4,89.4,89.4,89.4,89.4,89.4,89.4,89.4,89.4,89.4,89.4,89.4,89.4
"2016-05",102.5,102.5,102.5,102.5,102.5,102.5,102.5,102.5,102.5,102.9,102.9,102.9,102.9,102.9,102.9,102.9,102.9,102.9,102.9,102.9,103.1,102.9,102.9,102.9,103.1,103.1,103.1,103.1,102.9,102.9,102.9,102.9,102.9,102.9,102.9,102.9,102.9,102.9,102.9,102.9,103.1,103.1,103.1,103.2,103.2,103.2,103.2,103.2,103.2,103.2,103.2,103.2,103.2,103.2,103.2,103.2,103.2,103.2,103.2,103.2,103.2,103.2,103.2,103.2,88.6,88.6,88.6,88.6,88.6,88.6,88.6,88.6,88.6,88.6,88.6,88.6,88.6,88.6,88.6,88.6,88.6,88.6,88.6,88.6,88.6
"2016-06",103,103,103,103,103,103,103,103,103,103,103,103.1,103,103,103,103,103,103,103,103,103.1,103,103,103,103.1,103.1,103.1,103.1,103.1,103.1,103.1,103.1,103.1,103.1,103.1,103.1,103.1,103.1,103.1,103.1,103,103,103,103,103,103,103,103,103,103,103,103,103,103,103,103,103,103,103,103,103,103,103,103,88.4,88.4,88.4,88.4,88.4,88.4,88.4,88.4,88.4,88.4,88.4,88.4,88.4,88.4,88.4,88.4,88.4,88.4,88.4,88.4,88.4
"2016-07",103.2,103.2,103.2,103.2,103.2,103.2,103.2,103.2,103.2,103.1,103.1,103.2,103.1,103.2,103.2,103.2,103.2,103.2,103.2,103.2,103.2,103.2,103.2,103.2,103.2,103.2,103.2,103.2,103.2,103.2,103.2,103.2,103.2,103.2,103.2,103.2,103.2,103.2,103.2,103.2,103.3,103.3,103.3,103.3,103.3,103.3,103.3,103.3,103.3,103.3,103.3,103.3,103.3,103.3,103.3,103.3,103.3,103.3,103.3,103.3,103.3,103.3,103.3,103.3,88.8,88.8,88.8,88.8,88.8,88.8,88.8,88.8,88.8,88.8,88.8,88.8,88.8,88.8,88.8,88.8,88.8,88.8,88.8,88.8,88.8
"2016-08",104.2,104.2,104.2,104.2,104.2,104.2,104.2,104.2,104.2,104.2,104.2,104.3,104.2,104.3,104.3,104.3,104.3,104.3,104.3,104.3,104.2,104.3,104.3,104.3,104.2,104.2,104.2,104.2,104.3,104.3,104.3,104.3,104.3,104.3,104.3,104.3,104.3,104.3,104.3,104.3,104.4,104.4,104.4,104.4,104.4,104.4,104.4,104.4,104.4,104.4,104.4,104.4,104.4,104.4,104.4,104.4,104.4,104.4,104.4,104.4,104.4,104.4,104.4,104.4,89.7,89.7,89.7,89.7,89.7,89.7,89.7,89.7,89.7,89.7,89.7,89.7,89.7,89.7,89.7,89.7,89.7,89.7,89.7,89.7,89.7
"2016-09",104,104,104,104,104,104,104,104,104,104.2,104.2,104.1,104.2,104.2,104.2,104.2,104.2,104.2,104.2,104.2,104.1,104.2,104.2,104.2,104.1,104.1,104.1,104.1,104.2,104.2,104.2,104.2,104.2,104.2,104.2,104.2,104.2,104.2,104.2,104.2,104.3,104.3,104.3,104.3,104.3,104.3,104.4,104.4,104.4,104.4,104.4,104.4,104.4,104.4,104.4,104.4,104.4,104.4,104.4,104.3,104.3,104.3,104.3,104.3,89.7,89.7,89.7,89.7,89.7,89.7,89.7,89.7,89.7,89.7,89.7,89.7,89.7,89.7,89.7,89.7,89.7,89.7,89.7,89.7,89.7
"2016-10",105.4,105.4,105.4,105.4,105.4,105.4,105.4,105.4,105.4,105.4,105.4,105.4,105.5,105.6,105.6,105.6,105.6,105.6,105.6,105.6,105.6,105.6,105.6,105.6,105.6,105.6,105.6,105.6,105.6,105.6,105.6,105.6,105.6,105.6,105.6,105.6,105.6,105.6,105.6,105.6,105.8,105.8,105.8,105.8,105.8,105.8,105.8,105.8,105.8,105.8,105.8,105.8,105.8,105.8,105.8,105.8,105.8,105.8,105.8,105.7,105.7,105.7,105.7,105.7,90.9,90.9,90.9,90.9,90.9,90.9,90.9,90.9,90.9,90.9,90.9,90.9,90.9,90.9,90.9,90.9,90.9,90.9,90.9,90.9,90.9
"2016-11",106.1,106.1,106.1,106.1,106.1,106.1,106.1,106.1,106.1,106.1,106.1,106.1,106,106.1,106.1,106.1,106.1,106.1,106.1,106.1,106.1,106.1,106.1,106.1,106.1,106.1,106.1,106.1,106.1,106.1,106.1,106.1,106.1,106.1,106.1,106.1,106.1,106.1,106.1,106.1,106.2,106.2,106.2,106.1,106.1,106.1,106.2,106.2,106.2,106.2,106.2,106.2,106.2,106.2,106.2,106.2,106.2,106.2,106.2,106.1,106.1,106.1,106.1,106.1,91.3,91.3,91.3,91.3,91.3,91.3,91.3,91.3,91.3,91.3,91.3,91.3,91.3,91.3,91.3,91.3,91.3,91.3,91.3,91.3,91.3
"2016-12",104.9,104.9,104.9,104.9,104.9,104.9,104.9,104.9,104.9,104.8,104.8,104.8,104.8,104.9,104.9,104.9,104.9,104.9,104.9,104.9,105,104.9,104.9,104.9,105,105,105,105,104.6,104.6,104.6,104.6,104.6,104.6,104.6,104.6,104.6,104.6,104.6,104.6,104.5,104.5,104.5,104.4,104.4,104.4,104.4,104.4,104.4,104.4,104.4,104.4,104.4,104.4,104.4,104.4,104.4,104.4,104.4,104.7,104.7,104.7,104.7,104.7,89.9,89.9,89.9,89.9,89.9,89.9,89.9,89.9,89.9,89.9,89.9,89.9,89.9,89.9,89.9,89.9,89.9,89.9,89.9,89.9,89.9
"2017-01",104.3,104.3,104.3,104.3,104.3,104.3,104.3,104.3,104.3,104,104,104,104.1,103.7,103.7,103.7,103.7,103.7,103.7,103.7,103.8,103.7,103.7,103.7,103.8,103.8,103.8,103.8,103.7,103.7,103.7,103.7,103.7,103.7,103.7,103.7,103.7,103.7,103.7,103.7,103.8,103.8,103.8,103.7,103.7,103.7,103.7,103.7,103.7,103.7,103.7,103.7,103.7,103.7,103.7,103.7,103.7,103.7,103.7,103.7,103.7,103.7,103.7,103.7,89.3,89.3,89.3,89.3,89.3,89.3,89.3,89.3,89.3,89.3,89.3,89.3,89.3,89.3,89.3,89.3,89.3,89.3,89.3,89.3,89.3
"2017-02",107.6,107.6,107.6,107.6,107.6,107.6,107.6,107.6,107.6,107.5,107.5,107.5,107.5,107.4,107.4,107.4,107.4,107.4,107.4,107.4,107.2,107.4,107.4,107.4,107.2,107.2,107.2,107.2,107.3,107.3,107.3,107.3,107.3,107.3,107.3,107.3,107.3,107.3,107.3,107.3,107.2,107.2,107.2,107,107,107,107,107,107,107,107,107,107,107,107,107,107,107,107,106.9,106.9,106.9,106.9,106.9,91.9,91.9,91.9,91.9,91.9,91.9,91.9,91.9,91.9,91.9,91.9,91.9,91.9,91.9,91.9,91.9,91.9,91.9,91.9,91.9,91.9
"2017-03",107.2,107.2,107.2,107.2,107.2,107.2,107.2,107.2,107.2,107,107,107,107,106.9,106.9,106.9,106.9,106.9,106.9,106.9,106.9,106.9,106.9,106.9,106.9,106.9,106.9,106.9,107,107,107,107,107,107,107,107,107,107,107,107,106.6,106.6,106.6,106.6,106.6,106.6,106.6,106.6,106.6,106.6,106.6,106.6,106.6,106.6,106.6,106.6,106.6,106.6,106.6,106.6,106.6,106.6,106.6,106.6,91.7,91.7,91.7,91.7,91.7,91.7,91.7,91.7,91.7,91.7,91.7,91.7,91.7,91.7,91.7,91.7,91.7,91.7,91.7,91.7,91.7
"2017-04",108.2,108.2,108.2,108.2,108.2,108.2,108.2,108.2,108.2,108.1,108.1,108.1,108.1,108.1,108.1,108.1,108.1,108.1,108.1,108.1,108.2,108.1,108.1,108.1,108.2,108.2,108.2,108.2,108.2,108.2,108.2,108.2,108.2,108.2,108.2,108.2,108.2,108.2,108.2,108.2,108.1,108.1,108.1,108.2,108.2,108.2,108.2,108.2,108.2,108.2,108.2,108.2,108.2,108.2,108.2,108.2,108.2,108.2,108.2,108.3,108.3,108.3,108.3,108.3,93,93,93,93,93,93,93,93,93,93,93,93,93,93,93,93,93,93,93,93,93
"2017-05",108,108,108,108,108,108,108,108,108,108.5,108.5,108.5,108.5,108.5,108.5,108.5,108.5,108.5,108.5,108.5,108.7,108.5,108.5,108.5,108.7,108.7,108.7,108.7,108.5,108.5,108.5,108.5,108.5,108.5,108.5,108.5,108.5,108.5,108.5,108.5,108.6,108.6,108.6,108.8,108.8,108.8,108.8,108.8,108.8,108.8,108.8,108.8,108.8,108.8,108.8,108.8,108.8,108.8,108.8,108.8,108.8,108.8,108.8,108.8,93.5,93.5,93.5,93.5,93.5,93.5,93.5,93.5,93.5,93.5,93.5,93.5,93.5,93.5,93.5,93.5,93.5,93.5,93.5,93.5,93.5
"2017-06",108.5,108.5,108.5,108.5,108.5,108.5,108.5,108.5,108.5,108.5,108.5,108.5,108.5,108.5,108.5,108.5,108.5,108.5,108.5,108.5,108.5,108.5,108.5,108.5,108.5,108.5,108.5,108.5,108.6,108.6,108.6,108.6,108.6,108.6,108.6,108.6,108.6,108.6,108.6,108.6,108.4,108.4,108.4,108.5,108.5,108.5,108.4,108.4,108.4,108.4,108.4,108.4,108.4,108.4,108.4,108.4,108.4,108.4,108.4,108.4,108.4,108.4,108.4,108.4,93.1,93.1,93.1,93.1,93.1,93.1,93.1,93.1,93.1,93.1,93.1,93.1,93.1,93.1,93.1,93.1,93.1,93.1,93.1,93.1,93.1
"2017-07",108.7,108.7,108.7,108.7,108.7,108.7,108.7,108.7,108.7,108.7,108.7,108.7,108.6,108.7,108.7,108.7,108.7,108.7,108.7,108.7,108.7,108.7,108.7,108.7,108.7,108.7,108.7,108.7,108.7,108.7,108.7,108.7,108.7,108.7,108.7,108.7,108.7,108.7,108.7,108.7,108.8,108.8,108.8,108.9,108.9,108.9,108.9,108.9,108.9,108.9,108.9,108.9,108.9,108.9,108.9,108.9,108.9,108.9,108.9,108.9,108.9,108.9,108.9,108.9,93.6,93.6,93.6,93.6,93.6,93.6,93.6,93.6,93.6,93.6,93.6,93.6,93.6,93.6,93.6,93.6,93.6,93.6,93.6,93.6,93.6
"2017-08",110.1,110.1,110.1,110.1,110.1,110.1,110.1,110.1,110.1,110.2,110.2,110.3,110.2,110.3,110.3,110.3,110.3,110.3,110.3,110.3,110.1,110.3,110.3,110.3,110.1,110.1,110.1,110.1,110.2,110.2,110.2,110.2,110.2,110.2,110.2,110.2,110.2,110.2,110.2,110.2,110.3,110.3,110.3,110.3,110.3,110.3,110.4,110.4,110.4,110.4,110.4,110.4,110.4,110.4,110.4,110.4,110.4,110.4,110.4,110.4,110.4,110.4,110.4,110.4,94.8,94.8,94.8,94.8,94.8,94.8,94.8,94.8,94.8,94.8,94.8,94.8,94.8,94.8,94.8,94.8,94.8,94.8,94.8,94.8,94.8
"2017-09",110.1,110.1,110.1,110.1,110.1,110.1,110.1,110.1,110.1,110.4,110.4,110.2,110.3,110.4,110.4,110.4,110.4,110.4,110.4,110.4,110.3,110.4,110.4,110.4,110.3,110.3,110.3,110.3,110.4,110.4,110.4,110.4,110.4,110.4,110.4,110.4,110.4,110.4,110.4,110.4,110.7,110.7,110.7,110.6,110.6,110.6,110.8,110.8,110.8,110.8,110.8,110.8,110.8,110.8,110.8,110.8,110.8,110.8,110.8,110.7,110.7,110.7,110.7,110.7,95.1,95.1,95.1,95.1,95.1,95.1,95.1,95.1,95.1,95.1,95.1,95.1,95.1,95.1,95.1,95.1,95.1,95.1,95.1,95.1,95.1
"2017-10",106.3,106.3,106.3,106.3,106.3,106.3,106.3,106.3,106.3,106.3,106.3,106.3,106.3,106.5,106.5,106.5,106.5,106.5,106.5,106.5,110,106.5,106.5,106.5,110,110,110,110,110.1,110.1,110.1,110.1,110.1,110.1,110.1,110.1,110.1,110.1,110.1,110.1,110.3,110.3,110.3,110.3,110.3,110.3,110.3,110.3,110.3,110.3,110.3,110.3,110.3,110.3,110.3,110.3,110.3,110.3,110.3,110.3,110.3,110.3,110.3,110.3,94.7,94.7,94.7,94.7,94.7,94.7,94.7,94.7,94.7,94.7,94.7,94.7,94.7,94.7,94.7,94.7,94.7,94.7,94.7,94.7,94.7
"2017-11",112.5,112.5,112.5,112.5,112.5,112.5,112.5,112.5,112.5,112.5,112.5,112.5,112.4,112.5,112.5,112.5,112.5,112.5,112.5,112.5,112.6,112.5,112.5,112.5,112.6,112.6,112.6,112.6,112.6,112.6,112.6,112.6,112.6,112.6,112.6,112.6,112.6,112.6,112.6,112.6,112.7,112.7,112.7,112.6,112.6,112.6,112.6,112.6,112.6,112.6,112.6,112.6,112.6,112.6,112.6,112.6,112.6,112.6,112.6,112.5,112.5,112.5,112.5,112.5,96.6,96.6,96.6,96.6,96.6,96.6,96.6,96.6,96.6,96.6,96.6,96.6,96.6,96.6,96.6,96.6,96.6,96.6,96.6,96.6,96.6
"2017-12",110.3,110.3,110.3,110.3,110.3,110.3,110.3,110.3,110.3,110.2,110.2,110.2,110.3,110.5,110.5,110.5,110.5,110.5,110.5,110.5,110.5,110.5,110.5,110.5,110.5,110.5,110.5,110.5,110.4,110.4,110.4,110.4,110.4,110.4,110.4,110.4,110.4,110.4,110.4,110.4,110.2,110.2,110.2,110.1,110.1,110.1,110.1,110.1,110.1,110.1,110.1,110.1,110.1,110.1,110.1,110.1,110.1,110.1,110.1,110.2,110.2,110.2,110.2,110.2,94.8,94.8,94.8,94.8,94.8,94.8,94.8,94.8,94.8,94.8,94.8,94.8,94.8,94.8,94.8,94.8,94.8,94.8,94.8,94.8,94.8
"2018-01",112.4,112.4,112.4,112.4,112.4,112.4,112.4,112.4,112.4,112.1,112.1,112.1,112.1,111.7,111.7,111.7,111.7,111.7,111.7,111.7,111.8,111.7,111.7,111.7,111.8,111.8,111.8,111.8,111.7,111.7,111.7,111.7,111.7,111.7,111.7,111.7,111.7,111.7,111.7,111.7,111.8,111.8,111.8,111.7,111.7,111.7,111.7,111.7,111.7,111.7,111.7,111.7,111.7,111.7,111.7,111.7,111.7,111.7,111.7,111.7,111.7,111.7,111.7,111.7,96.2,96.2,96.2,96.2,96.2,96.2,96.2,96.2,96.2,96.2,96.2,96.2,96.2,96.2,96.2,96.2,96.2,96.2,96.2,96.2,96.2
"2018-02",111.4,111.4,111.4,111.4,111.4,111.4,111.4,111.4,111.4,111.3,111.3,111.3,111.3,111.2,111.2,111.2,111.2,111.2,111.2,111.2,111,111.2,111.2,111.2,111,111,111,111,111.1,111.1,111.1,111.1,111.1,111.1,111.1,111.1,111.1,111.1,111.1,111.1,111,111,111,110.7,110.7,110.7,110.7,110.7,110.7,110.7,110.7,110.7,110.7,110.7,110.7,110.7,110.7,110.7,110.7,110.5,110.5,110.5,110.5,110.5,95,95,95,95,95,95,95,95,95,95,95,95,95,95,95,95,95,95,95,95,95
"2018-03",110.9,110.9,110.9,110.9,110.9,110.9,110.9,110.9,110.9,110.6,110.6,110.6,110.6,110.6,110.6,110.6,110.6,110.6,110.6,110.6,110.5,110.6,110.6,110.6,110.5,110.5,110.5,110.5,110.6,110.6,110.6,110.6,110.6,110.6,110.6,110.6,110.6,110.6,110.6,110.6,110.1,110.1,110.1,110.1,110.1,110.1,110.1,110.1,110.1,110.1,110.1,110.1,110.1,110.1,110.1,110.1,110.1,110.1,110.1,110.2,110.2,110.2,110.2,110.2,94.7,94.7,94.7,94.7,94.7,94.7,94.7,94.7,94.7,94.7,94.7,94.7,94.7,94.7,94.7,94.7,94.7,94.7,94.7,94.7,94.7
"2018-04",110.1,110.1,110.1,110.1,110.1,110.1,110.1,110.1,110.1,110,110,110,110,110,110,110,110,110,110,110,110,110,110,110,110,110,110,110,110.1,110.1,110.1,110.1,110.1,110.1,110.1,110.1,110.1,110.1,110.1,110.1,109.9,109.9,109.9,110.1,110.1,110.1,110.1,110.1,110.1,110.1,110.1,110.1,110.1,110.1,110.1,110.1,110.1,110.1,110.1,110.2,110.2,110.2,110.2,110.2,94.6,94.6,94.6,94.6,94.6,94.6,94.6,94.6,94.6,94.6,94.6,94.6,94.6,94.6,94.6,94.6,94.6,94.6,94.6,94.6,94.6
"2018-05",112.5,112.5,112.5,112.5,112.5,112.5,112.5,112.5,112.5,112.9,112.9,112.9,112.9,112.9,112.9,112.9,112.9,112.9,112.9,112.9,113.2,112.9,112.9,112.9,113.2,113.2,113.2,113.2,113,113,113,113,113,113,113,113,113,113,113,113,113.1,113.1,113.1,113.4,113.4,113.4,113.4,113.4,113.4,113.4,113.4,113.4,113.4,113.4,113.4,113.4,113.4,113.4,113.4,113.4,113.4,113.4,113.4,113.4,97.3,97.3,97.3,97.3,97.3,97.3,97.3,97.3,97.3,97.3,97.3,97.3,97.3,97.3,97.3,97.3,97.3,97.3,97.3,97.3,97.3
"2018-06",112,112,112,112,112,112,112,112,112,112,112,112.1,112,112,112,112,112,112,112,112,112.1,112,112,112,112.1,112.1,112.1,112.1,112.2,112.2,112.2,112.2,112.2,112.2,112.2,112.2,112.2,112.2,112.2,112.2,111.9,111.9,111.9,112,112,112,111.8,111.8,111.8,111.8,111.8,111.8,111.8,111.8,111.8,111.8,111.8,111.8,111.8,111.9,111.9,111.9,111.9,111.9,96.1,96.1,96.1,96.1,96.1,96.1,96.1,96.1,96.1,96.1,96.1,96.1,96.1,96.1,96.1,96.1,96.1,96.1,96.1,96.1,96.1
"2018-07",111.2,111.2,111.2,111.2,111.2,111.2,111.2,111.2,111.2,111.2,111.2,111.3,111.2,111.2,111.2,111.2,111.2,111.2,111.2,111.2,111.2,111.2,111.2,111.2,111.2,111.2,111.2,111.2,111.2,111.2,111.2,111.2,111.2,111.2,111.2,111.2,111.2,111.2,111.2,111.2,111.3,111.3,111.3,111.4,111.4,111.4,111.5,111.5,111.5,111.5,111.5,111.5,111.5,111.5,111.5,111.5,111.5,111.5,111.5,111.5,111.5,111.5,111.6,111.6,95.8,95.8,95.8,95.8,95.8,95.8,95.8,95.8,95.8,95.8,95.8,95.8,95.8,95.8,95.8,95.8,95.8,95.8,95.8,95.8,95.8
"2018-08",111.6,111.6,111.6,111.6,111.6,111.6,111.6,111.6,111.6,111.8,111.8,111.9,111.8,111.8,111.8,111.8,111.8,111.8,111.8,111.8,111.7,111.8,111.8,111.8,111.7,111.7,111.7,111.7,111.7,111.7,111.7,111.7,111.7,111.7,111.7,111.7,111.7,111.7,111.7,111.7,111.9,111.9,111.9,112,112,112,112,112,112,112,112,112,112,112,112,112,112,112,112,112.1,112.1,112.1,112.2,112.2,96.3,96.3,96.3,96.3,96.3,96.3,96.3,96.3,96.3,96.3,96.3,96.3,96.3,96.3,96.3,96.3,96.3,96.3,96.3,96.3,96.3
"2018-09",112.4,112.4,112,112,112,112,112,112,112,112.4,112.4,112.2,112.3,112.4,112.4,112.4,112.4,112.4,112.4,112.4,112.3,112.4,112.4,112.4,112.3,112.3,112.3,112.3,112.3,112.3,112.3,112.3,112.3,112.3,112.3,112.3,112.3,112.3,112.3,112.3,112.9,112.9,112.9,112.7,112.7,112.7,112.9,112.9,112.9,112.9,112.9,112.9,112.9,112.9,112.9,112.9,112.9,112.9,112.9,112.9,112.9,112.9,112.9,112.9,96.9,96.9,96.9,96.9,96.9,96.9,96.9,96.9,96.9,96.9,96.9,96.9,96.9,96.9,96.9,96.9,96.9,96.9,96.9,96.9,96.9
"2018-10",112.2,112.2,112.4,112.4,112.4,112.4,112.4,112.4,112.4,112.4,112.4,112.3,112.5,112.6,112.6,112.6,112.6,112.6,112.6,112.6,113,112.6,112.6,112.6,113,113,113,113,113.1,113.1,113.1,113.1,113.1,113.1,113.1,113.1,113.1,113.1,113.1,113.1,113.4,113.4,113.4,113.3,113.3,113.3,113.3,113.4,113.4,113.4,113.4,113.4,113.4,113.4,113.4,113.4,113.4,113.4,113.4,113.2,113.2,113.2,113.2,113.2,97.3,97.3,97.3,97.3,97.3,97.3,97.3,97.3,97.3,97.3,97.3,97.3,97.3,97.3,97.3,97.3,97.3,97.3,97.3,97.3,97.3
"2018-11",113.3,113.3,113.3,113.1,113.1,113.1,113.1,113.1,113.1,113.1,113.1,113.1,113,113.1,113.1,113.1,113.1,113.1,113.1,113.1,113.1,113.1,113.1,113.1,113.1,113.1,113.1,113.1,113.1,113.1,113.1,113.1,113.1,113.1,113.1,113.1,113.1,113.1,113.1,113.1,113.2,113.2,113.2,113.1,113.1,113.1,113.1,113.1,113.1,113.1,113.1,113.1,113.1,113.1,113.1,113.1,113.1,113.1,113.1,112.9,112.9,112.9,113,113,97.1,97.1,97.1,97.1,97.1,97.1,97.1,97.1,97.1,97.1,97.1,97.1,97.1,97.1,97.1,97.1,97.1,97.1,97.1,97.1,97.1
"2018-12",114.2,114.4,114.4,114.4,114.4,114.4,114.4,114.4,114.4,114.3,114.3,114.3,114.5,114.7,114.7,114.7,114.7,114.7,114.7,114.7,114.8,114.7,114.7,114.7,114.8,114.8,114.8,114.8,114.9,114.9,114.9,114.9,114.9,114.9,114.9,114.9,114.9,114.9,114.9,114.9,114.7,114.7,114.7,114.6,114.6,114.6,114.6,114.6,114.6,114.6,114.6,114.6,114.6,114.6,114.6,114.6,114.6,114.6,114.6,114.5,114.5,114.5,114.6,114.6,98.7,98.7,98.7,98.7,98.7,98.7,98.7,98.7,98.7,98.7,98.7,98.7,98.7,98.7,98.7,98.7,98.7,98.7,98.7,98.7,98.7
"2019-01",,114.4,114.7,114.7,115,115,115,115,115,114.7,114.7,114.7,114.7,114.2,114.2,114.2,114.2,114.2,114.2,114.2,114.4,114.2,114.2,114.2,114.4,114.4,114.4,114.4,114.2,114.2,114.2,114.2,114.2,114.2,114.2,114.2,114.2,114.2,114.2,114.2,114.4,114.4,114.4,114.2,114.2,114.2,114.2,114.2,114.2,114.2,114.2,114.2,114.2,114.2,114.2,114.2,114.2,114.2,114.2,114.3,114.3,114.3,114.3,114.3,98.4,98.4,98.4,98.4,98.4,98.4,98.4,98.4,98.4,98.4,98.4,98.4,98.4,98.4,98.4,98.4,98.4,98.4,98.4,98.4,98.4
"2019-02",,,113.2,113.3,114,114,114,114,114,113.9,113.9,113.9,113.9,113.8,113.8,113.8,113.8,113.8,113.8,113.8,113.5,113.8,113.8,113.8,113.5,113.5,113.5,113.5,113.6,113.6,113.6,113.6,113.6,113.6,113.6,113.6,113.6,113.6,113.6,113.6,113.4,113.4,113.4,113.1,113.1,113.1,113.1,113.1,113.1,113.1,113.1,113.1,113.1,113.1,113.1,113.1,113.1,113.1,113.1,112.8,112.8,112.8,112.9,112.9,96.9,96.9,96.9,96.9,96.9,96.9,96.9,96.9,96.9,96.9,96.9,96.9,96.9,96.9,96.9,96.9,96.9,96.9,96.9,96.9,96.9
"2019-03",,,,115.1,115.2,114.6,114.6,114.6,114.6,114.3,114.3,114.3,114.3,114.2,114.2,114.2,114.2,114.2,114.2,114.2,114.2,114.2,114.2,114.2,114.2,114.2,114.2,114.2,114.3,114.3,114.3,114.3,114.3,114.3,114.3,114.3,114.3,114.3,114.3,114.3,113.7,113.7,113.7,113.7,113.7,113.7,113.7,113.7,113.7,113.7,113.7,113.7,113.7,113.7,113.7,113.7,113.7,113.7,113.7,113.9,113.9,113.9,113.9,113.9,97.8,97.8,97.8,97.8,97.8,97.8,97.8,97.8,97.8,97.8,97.8,97.8,97.8,97.8,97.8,97.8,97.8,97.8,97.8,97.8,97.8
"2019-04",,,,,112.8,112.9,113.2,113.2,113.2,113.1,113.1,113.1,113.1,113.1,113.1,113.1,113.1,113.1,113.1,113.1,113,113.1,113.1,113.1,113,113,113,113,113.1,113.1,113.1,113.1,113.1,113.1,113.1,113.1,113.1,113.1,113.1,113.1,112.9,112.9,112.9,113.1,113.1,113.1,113.1,113.1,113.1,113.1,113.1,113.1,113.1,113.1,113.1,113.1,113.1,113.1,113.1,113.2,113.2,113.2,113.2,113.2,97.3,97.3,97.3,97.3,97.3,97.3,97.3,97.3,97.3,97.3,97.3,97.3,97.3,97.3,97.3,97.3,97.3,97.3,97.3,97.3,97.3
"2019-05",,,,,,110.2,110.9,110.9,110.9,111.4,111.4,111.4,111.4,111.4,111.4,111.4,111.4,111.4,111.4,111.4,111.7,111.4,111.4,111.4,111.7,111.7,111.7,111.7,111.5,111.5,111.5,111.5,111.5,111.5,111.5,111.5,111.5,111.5,111.5,111.5,111.6,111.6,111.6,111.9,111.9,111.9,111.9,111.9,111.9,111.9,111.9,111.9,111.9,111.9,111.9,111.9,111.9,111.9,111.9,111.8,111.8,111.8,111.8,111.8,96,96,96,96,96,96,96,96,96,96,96,96,96,96,96,96,96,96,96,96,96
"2019-06",,,,,,,112.7,112.7,112.7,112.6,112.6,112.7,112.6,112.6,112.6,112.6,112.6,112.6,112.6,112.6,112.7,112.6,112.6,112.6,112.7,112.7,112.7,112.7,112.7,112.7,112.7,112.7,112.7,112.7,112.7,112.7,112.7,112.7,112.7,112.7,112.5,112.5,112.5,112.7,112.7,112.7,112.4,112.4,112.4,112.4,112.4,112.4,112.4,112.4,112.4,112.4,112.4,112.4,112.4,112.4,112.4,112.4,112.4,112.4,96.6,96.6,96.6,96.6,96.6,96.6,96.6,96.6,96.6,96.6,96.6,96.6,96.6,96.6,96.6,96.6,96.6,96.6,96.6,96.6,96.6
"2019-07",,,,,,,,112.7,112.7,112.7,112.7,112.8,112.7,112.7,112.7,112.7,112.7,112.7,112.7,112.7,112.7,112.7,112.7,112.7,112.7,112.7,112.7,112.7,112.7,112.7,112.7,112.7,112.7,112.7,112.7,112.7,112.7,112.7,112.7,112.7,112.8,112.8,112.8,113,113,113,113,113,113,113,113,113,113,113,113,113,113,113,113,113,113,113,113,113,97.1,97.1,97.1,97.1,97.1,97.1,97.1,97.1,97.1,97.1,97.1,97.1,97.1,97.1,97.1,97.1,97.1,97.1,97.1,97.1,97.1
"2019-08",,,,,,,,,111.5,111.7,111.7,111.8,111.6,111.7,111.7,111.7,111.7,111.7,111.7,111.7,111.5,111.7,111.7,111.7,111.5,111.5,111.5,111.5,111.6,111.6,111.6,111.6,111.6,111.6,111.6,111.6,111.6,111.6,111.6,111.6,111.9,111.9,111.9,112,112,112,112,112,112,112,112,112,112,112,112,112,112,112,112,112.1,112.1,112.1,112.1,112.1,96.2,96.2,96.2,96.2,96.2,96.2,96.2,96.2,96.2,96.2,96.2,96.2,96.2,96.2,96.2,96.2,96.2,96.2,96.2,96.2,96.2
"2019-09",,,,,,,,,,111.1,111.1,111,111.1,111.2,111.2,111.2,111.2,111.2,111.2,111.2,111,111.2,111.2,111.2,111,111,111,111,111,111,111,111,111,111,111,111,111,111,111,111,111.6,111.6,111.6,111.5,111.5,111.5,111.7,111.7,111.7,111.7,111.7,111.7,111.7,111.7,111.7,111.7,111.7,111.7,111.7,111.7,111.7,111.7,111.8,111.8,95.9,95.9,95.9,95.9,95.9,95.9,95.9,95.9,95.9,95.9,95.9,95.9,95.9,95.9,95.9,95.9,95.9,95.9,95.9,95.9,95.9
"2019-10",,,,,,,,,,,111.1,111,111.2,111.3,111.3,111.3,111.3,111.3,111.3,111.3,111.7,111.3,111.3,111.3,111.7,111.7,111.7,111.7,111.8,111.8,111.8,111.8,111.8,111.8,111.8,111.8,111.8,111.8,111.8,111.8,112.1,112.1,112.1,112.1,112.1,112.1,112.1,112.1,112.1,112.1,112.1,112.1,112.1,112.1,112.1,112.1,112.1,112.1,112.1,111.9,111.9,111.9,111.9,111.9,96.2,96.2,96.2,96.2,96.2,96.2,96.2,96.2,96.2,96.2,96.2,96.2,96.2,96.2,96.2,96.2,96.2,96.2,96.2,96.2,96.2
"2019-11",,,,,,,,,,,,112.1,111.9,112.1,112.1,112.1,112.1,112.1,112.1,112.1,112.2,112.1,112.1,112.1,112.2,112.2,112.2,112.2,112.1,112.1,112.1,112.1,112.1,112.1,112.1,112.1,112.1,112.1,112.1,112.1,112.3,112.3,112.3,112.2,112.2,112.2,112.2,112.2,112.2,112.2,112.2,112.2,112.2,112.2,112.2,112.2,112.2,112.2,112.2,111.8,111.8,111.8,111.8,111.8,96.1,96.1,96.1,96.1,96.1,96.1,96.1,96.1,96.1,96.1,96.1,96.1,96.1,96.1,96.1,96.1,96.1,96.1,96.1,96.1,96.1
"2019-12",,,,,,,,,,,,,111.2,111.5,111.5,111.5,111.5,111.5,111.5,111.5,,111.5,111.5,111.5,111.7,111.7,111.7,111.7,111.5,111.5,111.5,111.5,111.5,111.5,111.5,111.5,111.5,111.5,111.5,111.5,111.3,111.3,111.3,111.1,111.1,111.1,111.1,111.1,111.1,111.1,111.1,111.1,111.1,111.1,111.1,111.1,111.1,111.1,111.1,111.3,111.3,111.3,111.4,111.4,96.1,96.1,96.1,96.1,96.1,96.1,96.1,96.1,96.1,96.1,96.1,96.1,96.1,96.1,96.1,96.1,96.1,96.1,96.1,96.1,96.1
"2020-01",,,,,,,,,,,,,,113.3,113.5,113.5,113.5,113.5,113.5,113.5,,113.5,113.5,113.5,113.8,113.8,113.8,113.8,113.6,113.6,113.6,113.6,113.6,113.6,113.6,113.6,113.6,113.6,113.6,113.6,113.8,113.8,113.8,113.5,113.5,113.5,113.5,113.5,113.5,113.5,113.5,113.5,113.5,113.5,113.5,113.5,113.5,113.5,113.5,113.7,113.7,113.7,113.7,113.7,98,98,98,98,98,98,98,98,98,98,98,98,98,98,98,98,98,98,98,98,98
"2020-02",,,,,,,,,,,,,,,116,116,116,116,116,116,,116,116,116,115.7,115.7,115.7,115.7,115.9,115.9,115.9,115.9,115.9,115.9,115.9,115.9,115.9,115.9,115.9,115.9,115.7,115.7,115.7,115.3,115.3,115.3,115.3,115.3,115.3,115.3,115.3,115.3,115.3,115.3,115.3,115.3,115.3,115.3,115.3,114.8,114.8,114.8,114.8,114.8,98.6,98.6,98.6,98.6,98.6,98.6,98.6,98.6,98.6,98.6,98.6,98.6,98.6,98.6,98.6,98.6,98.6,98.6,98.6,98.6,98.6
"2020-03",,,,,,,,,,,,,,,,109.2,109.3,109.3,109.3,109.3,,109.3,109.3,109.3,109.2,109.2,109.2,109.2,109.3,109.3,109.3,109.3,109.3,109.3,109.3,109.3,109.3,109.3,109.3,109.3,108.6,108.6,108.6,108.6,108.6,108.6,108.6,108.6,108.6,108.6,108.6,108.6,108.6,108.6,108.6,108.6,108.6,108.6,108.6,108.8,108.8,108.8,108.9,108.9,93.5,93.5,93.5,93.5,93.5,93.5,93.5,93.5,93.5,93.5,93.5,93.5,93.5,93.5,93.5,93.5,93.5,93.5,93.5,93.5,93.5
"2020-04",,,,,,,,,,,,,,,,,97.4,97.4,97.4,97.4,,97.4,97.4,97.4,97.4,97.4,97.4,97.4,97.5,97.5,97.5,97.5,97.5,97.5,97.5,97.5,97.5,97.5,97.5,97.5,97.3,97.3,97.3,97.5,97.5,97.5,97.5,97.5,97.5,97.5,97.5,97.5,97.5,97.5,97.5,97.5,97.5,97.5,97.5,97.7,97.7,97.7,97.7,97.7,83.9,83.9,83.9,83.9,83.9,83.9,83.9,83.9,83.9,83.9,83.9,83.9,83.9,83.9,83.9,83.9,83.9,83.9,83.9,83.9,83.9
"2020-05",,,,,,,,,,,,,,,,,,103.3,103.4,103.4,,103.4,103.4,103.4,103.7,103.7,103.7,103.7,103.5,103.5,103.5,103.5,103.5,103.5,103.5,103.5,103.5,103.5,103.5,103.5,103.6,103.6,103.6,103.9,103.9,103.9,103.9,103.9,103.9,103.9,103.9,103.9,103.9,103.9,103.9,103.9,103.9,103.9,103.9,103.8,103.8,103.8,103.8,103.8,89.1,89.1,89.1,89.1,89.1,89.1,89.1,89.1,89.1,89.1,89.1,89.1,89.1,89.1,89.1,89.1,89.1,89.1,89.1,89.1,89.1
"2020-06",,,,,,,,,,,,,,,,,,,108.3,108.4,,108.4,108.4,108.4,108.5,108.5,108.5,108.5,108.6,108.6,108.6,108.6,108.6,108.6,108.6,108.6,108.6,108.6,108.6,108.6,108.3,108.3,108.3,108.5,108.5,108.5,108.2,108.1,108.1,108.1,108.1,108.1,108.1,108.1,108.1,108.1,108.1,108.1,108.1,108.2,108.2,108.2,108.2,108.2,92.9,92.9,92.9,92.9,92.9,92.9,92.9,92.9,92.9,92.9,92.9,92.9,92.9,92.9,92.9,92.9,92.9,92.9,92.9,92.9,92.9
"2020-07",,,,,,,,,,,,,,,,,,,,110.5,,110.5,110.6,110.6,110.6,110.6,110.6,110.6,110.6,110.6,110.6,110.6,110.6,110.6,110.6,110.6,110.6,110.6,110.6,110.6,110.7,110.7,110.7,110.9,110.9,110.9,111,110.9,110.9,110.9,110.9,110.9,110.9,110.9,110.9,110.9,110.9,110.9,110.9,110.9,110.9,110.9,110.9,110.9,95.3,95.3,95.3,95.3,95.3,95.3,95.3,95.3,95.3,95.3,95.3,95.3,95.3,95.3,95.3,95.3,95.3,95.3,95.3,95.3,95.3
"2020-08",,,,,,,,,,,,,,,,,,,,,,,111.9,111.9,111.8,111.8,111.8,111.8,111.8,111.8,111.8,111.8,111.8,111.8,111.8,111.8,111.8,111.8,111.8,111.8,112.2,112.2,112.2,112.3,112.3,112.3,112.4,112.3,112.3,112.3,112.3,112.3,112.3,112.3,112.3,112.3,112.3,112.3,112.3,112.5,112.5,112.5,112.5,112.5,96.5,96.5,96.5,96.5,96.5,96.5,96.5,96.5,96.5,96.5,96.5,96.5,96.5,96.5,96.5,96.5,96.5,96.5,96.5,96.5,96.5
"2020-09",,,,,,,,,,,,,,,,,,,,,,,,112.8,112.5,112.5,112.5,112.5,112.6,112.6,112.6,112.6,112.6,112.6,112.6,112.6,112.6,112.6,112.6,112.6,113.3,113.3,113.3,113.1,113.1,113.1,113.3,113.4,113.4,113.4,113.4,113.4,113.4,113.4,113.4,113.4,113.4,113.4,113.4,113.3,113.3,113.3,113.3,113.3,97.3,97.3,97.3,97.3,97.3,97.3,97.3,97.3,97.3,97.3,97.3,97.3,97.3,97.3,97.3,97.3,97.3,97.3,97.3,97.3,97.3
"2020-10",,,,,,,,,,,,,,,,,,,,,,,,,112.8,112.8,112.8,112.8,112.9,112.9,112.9,112.9,112.9,112.9,112.9,112.9,112.9,112.9,112.9,112.9,113.3,113.3,113.3,113.3,113.3,113.3,113.3,113.3,113.3,113.3,113.3,113.3,113.3,113.3,113.3,113.3,113.3,113.3,113.3,113.1,113.1,113.1,113.1,113.1,97.3,97.3,97.3,97.3,97.3,97.3,97.3,97.3,97.3,97.3,97.3,97.3,97.3,97.3,97.3,97.3,97.3,97.3,97.3,97.3,97.3
"2020-11",,,,,,,,,,,,,,,,,,,,,,,,,,113.9,113.9,113.9,113.8,113.8,113.8,113.8,113.8,113.8,113.8,113.8,113.8,113.8,113.8,113.8,114,114,114,113.9,113.9,113.9,113.9,113.9,113.9,113.9,113.9,113.9,113.9,113.9,113.9,113.9,113.9,113.9,113.9,113.5,113.5,113.5,113.5,113.5,97.5,97.5,97.5,97.5,97.5,97.5,97.5,97.5,97.5,97.5,97.5,97.5,97.5,97.5,97.5,97.5,97.5,97.5,97.5,97.5,97.5
"2020-12",,,,,,,,,,,,,,,,,,,,,,,,,,,118.9,119,118.4,118.4,118.4,118.4,118.4,118.4,118.4,118.4,118.4,118.4,118.4,118.4,118,118,118,117.8,117.8,117.8,117.8,117.8,117.8,117.8,117.8,117.8,117.8,117.8,117.8,117.8,117.8,117.8,117.8,118.4,118.4,118.4,118.4,118.4,102.2,102.2,102.2,102.2,102.2,102.2,102.2,102.2,102.2,102.2,102.2,102.2,102.2,102.2,102.2,102.2,102.2,102.2,102.2,102.2,102.2
"2021-01",,,,,,,,,,,,,,,,,,,,,,,,,,,,115.2,115.1,115.1,115.1,115.1,115.1,115.1,115.1,115.1,115.1,115.1,115.1,115.1,115.4,115.4,115.4,115,115,115,115,115.1,115.1,115.1,115.1,115.1,115.1,115.1,115.1,115.1,115.1,115.1,115.1,115.3,115.3,115.3,115.3,115.3,99.3,99.3,99.3,99.3,99.3,99.3,99.3,99.3,99.3,99.3,99.3,99.3,99.3,99.3,99.3,99.1,99.1,99.1,99.1,99.1,99.1
"2021-02",,,,,,,,,,,,,,,,,,,,,,,,,,,,,112.7,112.8,112.8,112.8,112.8,112.8,112.8,112.8,112.8,112.8,112.8,112.8,112.6,112.6,112.6,112.2,112.2,112.2,112.2,112.2,112.2,112.2,112.2,112.2,112.2,112.2,112.2,112.2,112.2,112.2,112.2,111.6,111.6,111.6,111.6,111.6,95.7,95.7,95.7,95.7,95.7,95.7,95.7,95.7,95.7,95.7,95.7,95.7,95.7,95.7,95.7,96,96,96,96,96,96
"2021-03",,,,,,,,,,,,,,,,,,,,,,,,,,,,,,118.1,118.2,118.2,118.2,118.2,118.2,118.2,118.2,118.2,118.2,118.2,117.2,117.2,117.2,117.3,117.3,117.3,117.2,117.2,117.2,117.2,117.2,117.2,117.2,117.2,117.2,117.2,117.2,117.2,117.2,117.5,117.5,117.5,117.5,117.5,100.8,100.8,100.8,100.8,100.8,100.8,100.8,100.8,100.8,100.8,100.8,100.8,100.8,100.8,100.8,100.8,100.8,100.8,100.8,100.8,100.8
"2021-04",,,,,,,,,,,,,,,,,,,,,,,,,,,,,,,116.3,116.3,116.3,116.3,116.3,116.3,116.3,116.3,116.3,116.3,116,116,116,116.3,116.3,116.3,116.2,116.2,116.2,116.2,116.2,116.2,116.2,116.2,116.2,116.2,116.2,116.2,116.2,116.5,116.5,116.5,116.5,116.5,100,100,100,100,100,100,100,100,100,100,100,100,100,100,100,99.9,99.9,99.9,99.9,99.9,99.9
"2021-05",,,,,,,,,,,,,,,,,,,,,,,,,,,,,,,,116.1,116.1,116.1,116.1,116.1,116.1,116.1,116.1,116.1,116.2,116.2,116.2,116.6,116.6,116.6,116.6,116.6,116.6,116.6,116.6,116.6,116.6,116.6,116.6,116.6,116.6,116.6,116.6,116.5,116.5,116.5,116.5,116.5,100,100,100,100,100,100,100,100,100,100,100,100,100,100,100,100.1,100.1,100.1,100.1,100.1,100.1
"2021-06",,,,,,,,,,,,,,,,,,,,,,,,,,,,,,,,,116.9,116.9,116.9,116.9,116.9,116.9,116.9,116.9,116.5,116.5,116.5,116.8,116.8,116.8,116.4,116.4,116.4,116.4,116.4,116.4,116.4,116.4,116.4,116.4,116.4,116.4,116.4,116.5,116.5,116.5,116.5,116.5,100,100,100,100,100,100,100,100,100,100,100,100,100,100,100,100,100,100,100,100,100
"2021-07",,,,,,,,,,,,,,,,,,,,,,,,,,,,,,,,,,115.3,115.3,115.3,115.3,115.3,115.3,115.3,115.5,115.5,115.5,115.7,115.7,115.7,115.8,115.7,115.7,115.7,115.7,115.7,115.7,115.7,115.7,115.7,115.7,115.7,115.7,115.7,115.7,115.7,115.7,115.7,99.4,99.4,99.4,99.4,99.4,99.4,99.4,99.4,99.4,99.4,99.4,99.4,99.4,99.4,99.4,99.4,99.4,99.4,99.4,99.4,99.4
"2021-08",,,,,,,,,,,,,,,,,,,,,,,,,,,,,,,,,,,112.8,112.9,112.9,112.9,112.9,112.9,113.3,113.3,113.3,113.4,113.4,113.4,113.5,113.5,113.5,113.5,113.5,113.5,113.5,113.5,113.5,113.5,113.5,113.5,113.5,113.6,113.6,113.6,113.6,113.6,97.5,97.5,97.5,97.5,97.5,97.5,97.5,97.5,97.5,97.5,97.5,97.5,97.5,97.5,97.5,97.5,97.5,97.5,97.5,97.5,97.5
"2021-09",,,,,,,,,,,,,,,,,,,,,,,,,,,,,,,,,,,,113,113,113,113,113,113.8,113.8,113.8,113.6,113.6,113.6,113.8,113.9,113.9,113.9,113.9,113.9,113.9,113.9,113.9,113.9,113.9,113.9,113.9,113.8,113.8,113.8,113.8,113.8,97.7,97.7,97.7,97.7,97.7,97.7,97.7,97.7,97.7,97.7,97.7,97.7,97.7,97.7,97.7,97.8,97.8,97.8,97.8,97.8,97.8
"2021-10",,,,,,,,,,,,,,,,,,,,,,,,,,,,,,,,,,,,,114.8,114.8,114.8,114.8,115.2,115.2,115.2,115.2,115.2,115.2,115.2,115.2,115.2,115.2,115.2,115.2,115.2,115.2,115.2,115.2,115.2,115.2,115.2,114.9,114.9,114.9,114.9,114.9,99,99,99,99,99,99,99,99,99,99,99,99,99,99,99,98.9,98.9,98.9,98.9,98.9,98.9
"2021-11",,,,,,,,,,,,,,,,,,,,,,,,,,,,,,,,,,,,,,116.3,116.3,116.3,116.4,116.4,116.4,116.3,116.3,116.3,116.3,116.3,116.3,116.3,116.3,116.3,116.3,116.3,116.3,116.3,116.3,116.3,116.3,115.8,115.8,115.8,115.8,115.8,99.4,99.4,99.4,99.4,99.4,99.4,99.4,99.4,99.4,99.4,99.4,99.4,99.4,99.4,99.4,99.4,99.4,99.4,99.4,99.4,99.4
"2021-12",,,,,,,,,,,,,,,,,,,,,,,,,,,,,,,,,,,,,,,117.9,117.9,117.5,117.5,117.5,117.3,117.3,117.3,117.3,117.3,117.3,117.3,117.3,117.3,117.3,117.3,117.3,117.3,117.3,117.3,117.3,118.1,118.1,118.1,118.1,118.1,102.1,102.1,102.1,102.1,102.1,102.1,102.1,102.1,102.1,102.1,102.1,102.1,102.1,102.1,102.1,102,102,102,102,102,102
"2022-01",,,,,,,,,,,,,,,,,,,,,,,,,,,,,,,,,,,,,,,,116.2,116.6,116.6,116.6,116.2,116.2,116.2,116.2,116.2,116.2,116.2,116.2,116.2,116.2,116.2,116.2,116.2,116.2,116.2,116.2,116.5,116.5,116.5,116.5,116.5,100.4,100.4,100.4,100.4,100.4,100.4,100.4,100.4,100.4,100.4,100.4,100.4,100.4,100.4,100.4,100.2,100.2,100.2,100.2,100.2,100.2
"2022-02",,,,,,,,,,,,,,,,,,,,,,,,,,,,,,,,,,,,,,,,,117.3,117.4,117.4,116.9,116.9,116.9,116.9,116.9,116.9,116.9,116.9,116.9,116.9,116.9,116.9,116.9,116.9,116.9,116.9,116.2,116.2,116.2,116.2,116.2,99.5,99.5,99.5,99.5,99.5,99.5,99.5,99.5,99.5,99.5,99.5,99.5,99.5,99.5,99.5,99.9,99.9,99.9,99.9,99.9,99.9
"2022-03",,,,,,,,,,,,,,,,,,,,,,,,,,,,,,,,,,,,,,,,,,115.2,115.2,115.3,115.3,115.3,115.3,115.3,115.3,115.3,115.3,115.3,115.3,115.3,115.3,115.3,115.3,115.3,115.3,115.6,115.6,115.6,115.6,115.6,99.3,99.3,99.3,99.3,99.3,99.3,99.3,99.3,99.3,99.3,99.3,99.3,99.3,99.3,99.3,99.2,99.2,99.2,99.2,99.2,99.2
"2022-04",,,,,,,,,,,,,,,,,,,,,,,,,,,,,,,,,,,,,,,,,,,114.3,114.6,114.6,114.6,114.6,114.6,114.6,114.6,114.6,114.6,114.6,114.6,114.6,114.6,114.6,114.6,114.6,114.9,114.9,114.9,114.9,114.9,98.7,98.7,98.7,98.7,98.7,98.7,98.7,98.7,98.7,98.7,98.7,98.7,98.7,98.7,98.7,98.5,98.5,98.5,98.5,98.5,98.5
"2022-05",,,,,,,,,,,,,,,,,,,,,,,,,,,,,,,,,,,,,,,,,,,,114.3,114.3,114.3,114.3,114.2,114.2,114.2,114.2,114.2,114.2,114.2,114.2,114.2,114.2,114.2,114.2,114.1,114.1,114.1,114.1,114.1,98,98,98,98,98,98,98,98,98,98,98,98,98,98,98,98,98,98,98,98,98
"2022-06",,,,,,,,,,,,,,,,,,,,,,,,,,,,,,,,,,,,,,,,,,,,,115.3,115.4,115.1,115,115,115,115,115,115,115,115,115,115,115,115,115.1,115.1,115.1,115.1,115.1,98.8,98.8,98.8,98.8,98.8,98.8,98.8,98.8,98.8,98.8,98.8,98.8,98.8,98.8,98.8,98.8,98.8,98.8,98.8,98.8,98.8
"2022-07",,,,,,,,,,,,,,,,,,,,,,,,,,,,,,,,,,,,,,,,,,,,,,113.8,114,114,114,114,114,114,114,114,114,114,114,114,114,113.9,113.9,113.9,113.9,113.9,97.8,97.8,97.8,97.8,97.8,97.8,97.8,97.8,97.8,97.8,97.8,97.8,97.8,97.8,97.8,97.8,97.8,97.8,97.8,97.8,97.8
"2022-08",,,,,,,,,,,,,,,,,,,,,,,,,,,,,,,,,,,,,,,,,,,,,,,114.4,114.4,114.4,114.4,114.4,114.4,114.4,114.4,114.4,114.4,114.4,114.4,114.4,114.6,114.6,114.6,114.6,114.6,98.4,98.4,98.4,98.4,98.4,98.4,98.4,98.4,98.4,98.4,98.4,98.4,98.4,98.4,98.4,98.4,98.4,98.4,98.4,98.4,98.4
"2022-09",,,,,,,,,,,,,,,,,,,,,,,,,,,,,,,,,,,,,,,,,,,,,,,,114.4,114.4,114.4,114.4,114.4,114.4,114.4,114.4,114.4,114.4,114.4,114.4,114.3,114.3,114.3,114.3,114.3,98.1,98.1,98.1,98.1,98.1,98.1,98.1,98.1,98.1,98.1,98.1,98.1,98.1,98.1,98.1,98.2,98.2,98.2,98.2,98.2,98.2
"2022-10",,,,,,,,,,,,,,,,,,,,,,,,,,,,,,,,,,,,,,,,,,,,,,,,,115.2,115.2,115.2,115.2,115.2,115.2,115.2,115.2,115.2,115.2,115.2,114.9,114.9,114.9,114.9,114.9,99,99,99,99,99,99,99,99,99,99,99,99,99,99,99,98.8,98.8,98.8,98.8,98.8,98.8
"2022-11",,,,,,,,,,,,,,,,,,,,,,,,,,,,,,,,,,,,,,,,,,,,,,,,,,115.5,115.6,115.6,115.6,115.6,115.6,115.6,115.6,115.6,115.6,115,115,115,115,115,98.7,98.7,98.7,98.7,98.7,98.7,98.7,98.7,98.7,98.7,98.7,98.7,98.7,98.7,98.7,98.7,98.7,98.7,98.7,98.7,98.7
"2022-12",,,,,,,,,,,,,,,,,,,,,,,,,,,,,,,,,,,,,,,,,,,,,,,,,,,109.9,109.9,109.9,109.9,109.9,109.9,109.9,109.9,109.9,110.9,110.9,110.9,110.9,110.9,95.9,95.9,95.9,95.9,95.9,95.9,95.9,95.9,95.9,95.9,95.9,95.9,95.9,95.9,95.9,95.7,95.7,95.7,95.7,95.7,95.7
"2023-01",,,,,,,,,,,,,,,,,,,,,,,,,,,,,,,,,,,,,,,,,,,,,,,,,,,,111,111,111,111,111,111,111,111,111.3,111.3,111.3,111.3,111.3,95.9,95.9,95.9,95.9,95.9,95.9,95.9,95.9,95.9,95.9,95.9,95.9,95.9,95.9,95.9,95.7,95.7,95.7,95.7,95.7,95.7
"2023-02",,,,,,,,,,,,,,,,,,,,,,,,,,,,,,,,,,,,,,,,,,,,,,,,,,,,,113.7,113.7,113.7,113.7,113.7,113.7,113.7,113,113,113,113,113,96.8,96.8,96.8,96.8,96.8,96.8,96.8,96.8,96.8,96.8,96.8,96.8,96.8,96.8,96.8,97.3,97.3,97.3,97.3,97.3,97.3
"2023-03",,,,,,,,,,,,,,,,,,,,,,,,,,,,,,,,,,,,,,,,,,,,,,,,,,,,,,110.8,110.9,110.9,110.9,110.9,110.9,111.2,111.2,111.2,111.2,111.2,95.4,95.4,95.4,95.4,95.4,95.4,95.4,95.4,95.4,95.4,95.4,95.4,95.4,95.4,95.4,95.3,95.3,95.3,95.3,95.3,95.3
"2023-04",,,,,,,,,,,,,,,,,,,,,,,,,,,,,,,,,,,,,,,,,,,,,,,,,,,,,,,111,111,111,111,111,111.3,111.3,111.3,111.3,111.3,95.6,95.6,95.6,95.6,95.6,95.6,95.6,95.6,95.6,95.6,95.6,95.6,95.6,95.6,95.6,95.4,95.4,95.4,95.4,95.4,95.4
"2023-05",,,,,,,,,,,,,,,,,,,,,,,,,,,,,,,,,,,,,,,,,,,,,,,,,,,,,,,,112.8,112.8,112.8,112.8,112.6,112.6,112.6,112.6,112.6,96.7,96.7,96.7,96.7,96.7,96.7,96.7,96.7,96.7,96.7,96.7,96.7,96.7,96.7,96.7,96.8,96.8,96.8,96.8,96.8,96.8
"2023-06",,,,,,,,,,,,,,,,,,,,,,,,,,,,,,,,,,,,,,,,,,,,,,,,,,,,,,,,,111.2,111.2,111.2,111.3,111.3,111.3,111.3,111.3,95.6,95.6,95.6,95.6,95.6,95.6,95.6,95.6,95.6,95.6,95.6,95.6,95.6,95.6,95.6,95.6,95.6,95.6,95.6,95.6,95.6
"2023-07",,,,,,,,,,,,,,,,,,,,,,,,,,,,,,,,,,,,,,,,,,,,,,,,,,,,,,,,,,111.6,111.6,111.6,111.6,111.6,111.6,111.6,95.8,95.8,95.8,95.8,95.8,95.8,95.8,95.8,95.8,95.8,95.8,95.8,95.8,95.8,95.8,95.8,95.8,95.8,95.8,95.8,95.8
"2023-08",,,,,,,,,,,,,,,,,,,,,,,,,,,,,,,,,,,,,,,,,,,,,,,,,,,,,,,,,,,110.7,110.9,111,111,111,111,95.2,95.2,95.2,95.2,95.2,95.2,95.2,95.2,95.2,95.2,95.2,95.2,95.2,95.2,95.2,95.2,95.2,95.2,95.2,95.2,95.2
"2023-09",,,,,,,,,,,,,,,,,,,,,,,,,,,,,,,,,,,,,,,,,,,,,,,,,,,,,,,,,,,,111.3,111.3,111.3,111.3,111.3,95.5,95.5,95.5,95.5,95.5,95.5,95.5,95.5,95.5,95.5,95.5,95.5,95.5,95.5,95.5,95.6,95.6,95.6,95.6,95.6,95.6
"2023-10",,,,,,,,,,,,,,,,,,,,,,,,,,,,,,,,,,,,,,,,,,,,,,,,,,,,,,,,,,,,,109.2,109.3,109.3,109.3,94.2,94.2,94.2,94.2,94.2,94.2,94.2,94.2,94.2,94.2,94.2,94.2,94.2,94.2,94.2,94.1,94.1,94.1,94.1,94.1,94.1
"2023-11",,,,,,,,,,,,,,,,,,,,,,,,,,,,,,,,,,,,,,,,,,,,,,,,,,,,,,,,,,,,,,110.7,110.8,110.8,95.1,95.1,95.1,95.1,95.1,95.1,95.1,95.1,95.1,95.1,95.1,95.1,95.1,95.1,95.1,95.1,95.1,95.1,95.1,95.1,95.1
"2023-12",,,,,,,,,,,,,,,,,,,,,,,,,,,,,,,,,,,,,,,,,,,,,,,,,,,,,,,,,,,,,,,106.9,107,92.8,92.8,92.8,92.8,92.8,92.8,92.8,92.8,92.8,92.8,92.8,92.8,92.8,92.8,92.8,92.6,92.6,92.6,92.6,92.6,92.6
"2024-01",,,,,,,,,,,,,,,,,,,,,,,,,,,,,,,,,,,,,,,,,,,,,,,,,,,,,,,,,,,,,,,,109.6,94.4,94.4,94.4,94.4,94.4,94.4,94.4,94.4,94.4,94.4,94.4,94.4,94.4,94.4,94.4,94.2,94.2,94.2,94.2,94.2,94.2
"2024-02",,,,,,,,,,,,,,,,,,,,,,,,,,,,,,,,,,,,,,,,,,,,,,,,,,,,,,,,,,,,,,,,,95.8,95.9,95.9,95.9,95.9,95.9,95.9,95.9,95.9,95.9,95.9,95.9,95.9,95.9,95.9,96.5,96.5,96.5,96.5,96.5,96.5
"2024-03",,,,,,,,,,,,,,,,,,,,,,,,,,,,,,,,,,,,,,,,,,,,,,,,,,,,,,,,,,,,,,,,,,94.9,94.9,94.9,94.9,94.9,94.9,94.9,94.9,94.9,94.9,94.9,94.9,94.9,94.9,94.8,94.8,94.8,94.8,94.8,94.8
"2024-04",,,,,,,,,,,,,,,,,,,,,,,,,,,,,,,,,,,,,,,,,,,,,,,,,,,,,,,,,,,,,,,,,,,95.8,95.8,95.8,95.8,95.8,95.8,95.8,95.8,95.8,95.8,95.8,95.8,95.8,95.6,95.6,95.6,95.6,95.6,95.6
"2024-05",,,,,,,,,,,,,,,,,,,,,,,,,,,,,,,,,,,,,,,,,,,,,,,,,,,,,,,,,,,,,,,,,,,,94.8,94.9,94.9,94.9,94.9,94.9,94.9,94.9,94.9,94.9,94.9,94.9,95,95,95,95,95,95
"2024-06",,,,,,,,,,,,,,,,,,,,,,,,,,,,,,,,,,,,,,,,,,,,,,,,,,,,,,,,,,,,,,,,,,,,,94.8,94.8,94.8,94.8,94.8,94.8,94.8,94.8,94.8,94.8,94.8,94.9,94.9,94.9,94.9,94.9,94.9
"2024-07",,,,,,,,,,,,,,,,,,,,,,,,,,,,,,,,,,,,,,,,,,,,,,,,,,,,,,,,,,,,,,,,,,,,,,94.9,94.9,94.9,94.9,94.9,94.9,94.9,94.9,94.9,94.9,94.9,94.9,94.9,94.9,94.9,94.9
"2024-08",,,,,,,,,,,,,,,,,,,,,,,,,,,,,,,,,,,,,,,,,,,,,,,,,,,,,,,,,,,,,,,,,,,,,,,94.6,94.6,94.6,94.6,94.6,94.6,94.6,94.6,94.6,94.7,94.7,94.7,94.7,94.7,94.7
"2024-09",,,,,,,,,,,,,,,,,,,,,,,,,,,,,,,,,,,,,,,,,,,,,,,,,,,,,,,,,,,,,,,,,,,,,,,,94.4,94.4,94.5,94.5,94.5,94.5,94.5,94.5,94.6,94.6,94.6,94.6,94.6,94.6
"2024-10",,,,,,,,,,,,,,,,,,,,,,,,,,,,,,,,,,,,,,,,,,,,,,,,,,,,,,,,,,,,,,,,,,,,,,,,,95.7,95.7,95.7,95.7,95.7,95.7,95.7,95.5,95.5,95.5,95.5,95.5,95.5
"2024-11",,,,,,,,,,,,,,,,,,,,,,,,,,,,,,,,,,,,,,,,,,,,,,,,,,,,,,,,,,,,,,,,,,,,,,,,,,95.2,95.2,95.2,95.2,95.2,95.2,95.1,95.1,95.1,95.1,95.1,95.1
"2024-12",,,,,,,,,,,,,,,,,,,,,,,,,,,,,,,,,,,,,,,,,,,,,,,,,,,,,,,,,,,,,,,,,,,,,,,,,,,95.7,95.7,95.7,95.7,95.7,95.4,95.4,95.4,95.4,95.4,95.4
"2025-01",,,,,,,,,,,,,,,,,,,,,,,,,,,,,,,,,,,,,,,,,,,,,,,,,,,,,,,,,,,,,,,,,,,,,,,,,,,,95.6,95.6,95.6,95.6,95.4,95.4,95.4,95.4,95.4,95.4
"2025-02",,,,,,,,,,,,,,,,,,,,,,,,,,,,,,,,,,,,,,,,,,,,,,,,,,,,,,,,,,,,,,,,,,,,,,,,,,,,,93.2,93.2,93.2,93.8,93.8,93.8,93.8,93.8,93.8
"2025-03",,,,,,,,,,,,,,,,,,,,,,,,,,,,,,,,,,,,,,,,,,,,,,,,,,,,,,,,,,,,,,,,,,,,,,,,,,,,,,95.7,95.7,95.6,95.6,95.6,95.6,95.6,95.6
"2025-04",,,,,,,,,,,,,,,,,,,,,,,,,,,,,,,,,,,,,,,,,,,,,,,,,,,,,,,,,,,,,,,,,,,,,,,,,,,,,,,95.5,95.2,95.2,95.2,95.2,95.2,95.2
"2025-05",,,,,,,,,,,,,,,,,,,,,,,,,,,,,,,,,,,,,,,,,,,,,,,,,,,,,,,,,,,,,,,,,,,,,,,,,,,,,,,,94.6,94.6,94.6,94.6,94.6,94.6
"2025-06",,,,,,,,,,,,,,,,,,,,,,,,,,,,,,,,,,,,,,,,,,,,,,,,,,,,,,,,,,,,,,,,,,,,,,,,,,,,,,,,,93.8,93.8,93.8,93.8,93.8
"2025-07",,,,,,,,,,,,,,,,,,,,,,,,,,,,,,,,,,,,,,,,,,,,,,,,,,,,,,,,,,,,,,,,,,,,,,,,,,,,,,,,,,96,96,96,96
"2025-08",,,,,,,,,,,,,,,,,,,,,,,,,,,,,,,,,,,,,,,,,,,,,,,,,,,,,,,,,,,,,,,,,,,,,,,,,,,,,,,,,,,93.8,93.8,93.8
"2025-09",,,,,,,,,,,,,,,,,,,,,,,,,,,,,,,,,,,,,,,,,,,,,,,,,,,,,,,,,,,,,,,,,,,,,,,,,,,,,,,,,,,,94.3,94.3
"2025-10",,,,,,,,,,,,,,,,,,,,,,,,,,,,,,,,,,,,,,,,,,,,,,,,,,,,,,,,,,,,,,,,,,,,,,,,,,,,,,,,,,,,,94.6
